﻿<?xml version="1.0" encoding="UTF-8"?>
<ConfigDumpInfo xmlns="http://v8.1c.ru/8.3/xcf/dumpinfo" xmlns:xen="http://v8.1c.ru/8.3/xcf/enums" xmlns:xs="http://www.w3.org/2001/XMLSchema" xmlns:xsi="http://www.w3.org/2001/XMLSchema-instance" format="Hierarchical" version="2.18">
	<ConfigVersions>
		<Metadata name="Catalog.Контрагенты" id="f73fab4b-36fc-4920-9475-b29c65d9618e" configVersion="2bf84e21ecce6d4aa69568ebc41c627c00000000"/>
		<Metadata name="Catalog.Номенклатура" id="32a711ee-2a39-4226-ad40-315c457b4ddb" configVersion="7a7150d9f119c1438fad1118bb9fb03b00000000">
			<Metadata name="Catalog.Номенклатура.Attribute.Услуга" id="7f9befe3-d217-45a6-9eb3-823d7f0f7e74"/>
		</Metadata>
		<Metadata name="CommonModule.РаботаСДокументами" id="fb3ab083-d207-4d70-a8e3-80ea842acb17" configVersion="f663e18fa276744a85b5b40c1fbcf3e000000000"/>
		<Metadata name="CommonModule.РаботаСДокументами.Module" id="fb3ab083-d207-4d70-a8e3-80ea842acb17.0" configVersion="2cdeb4d93ad6b04d8b6cf79f0f504ebe00000000"/>
		<Metadata name="Configuration.Конфигурация" id="c099f9f1-e028-4067-87e5-a62243438804" configVersion="323a3e8c8e83784b9d3c727f4ed62bf700000000"/>
		<Metadata name="Document.Контрагенты" id="573852dc-f15a-4127-befe-56c677a8c99a" configVersion="f9b5a537841eac409e14d6995effbaf500000000"/>
		<Metadata name="Document.ПриходнаяНакладная" id="f4898b47-2c98-45f4-8ec0-64edaa447e2c" configVersion="f8016413790a38469c5aae9dd0382c5400000000">
			<Metadata name="Document.ПриходнаяНакладная.TabularSection.СписокНоменклатуры.Attribute.Номенклатура" id="5058f367-e0bc-4321-af51-de40cf028887"/>
			<Metadata name="Document.ПриходнаяНакладная.TabularSection.СписокНоменклатуры" id="59ad1dea-2d0b-4fe0-b018-e7db29e06670"/>
			<Metadata name="Document.ПриходнаяНакладная.TabularSection.СписокНоменклатуры.Attribute.Цена" id="8900e91d-bbc1-4eab-9502-11b08a42ec28"/>
			<Metadata name="Document.ПриходнаяНакладная.TabularSection.СписокНоменклатуры.Attribute.Сумма" id="9481a6af-84c2-476c-a752-c16aaa0c6a8a"/>
			<Metadata name="Document.ПриходнаяНакладная.Attribute.Контрагент" id="c55904a5-2a9d-4f65-a01b-71d512702ef6"/>
			<Metadata name="Document.ПриходнаяНакладная.TabularSection.СписокНоменклатуры.Attribute.Количество" id="d90a946b-2c9e-4857-9334-2959d9acfcf3"/>
			<Metadata name="Document.ПриходнаяНакладная.Attribute.СуммаПоДокументу" id="f7e77867-f95b-417b-b551-eb4df141df30"/>
		</Metadata>
		<Metadata name="Document.РасходнаяНакладная" id="bb995cc6-30ab-4b8c-9670-182dfbcf3f21" configVersion="1efb985daf2d1c44a999458c8a97ac3800000000">
			<Metadata name="Document.РасходнаяНакладная.TabularSection.СписокНоменклатуры.Attribute.Сумма" id="00b47e98-8c6e-4d12-8919-2d16f7549c1e"/>
			<Metadata name="Document.РасходнаяНакладная.Attribute.Контрагент" id="01d7bf60-260e-4a8c-aa10-adde71345c52"/>
			<Metadata name="Document.РасходнаяНакладная.TabularSection.Услуги.Attribute.Сумма" id="0a78ed14-a4a4-4ef6-82c9-59476a9881a4"/>
			<Metadata name="Document.РасходнаяНакладная.TabularSection.СписокНоменклатуры.Attribute.Номенклатура" id="4fef4c16-79a3-4a94-b3d8-efa1fa4d8b21"/>
			<Metadata name="Document.РасходнаяНакладная.Attribute.УчетнаяПолитка" id="6c091d80-36d6-4d5f-85c9-0878c3cf7800"/>
			<Metadata name="Document.РасходнаяНакладная.TabularSection.СписокНоменклатуры.Attribute.Цена" id="6c92e1d1-7755-4e2a-af81-0d98563f1444"/>
			<Metadata name="Document.РасходнаяНакладная.TabularSection.СписокНоменклатуры.Attribute.Количество" id="73287b8b-5252-476c-bf03-ed4892ec2065"/>
			<Metadata name="Document.РасходнаяНакладная.TabularSection.Услуги" id="a4184938-7281-45d3-99de-897c6d09b43d"/>
			<Metadata name="Document.РасходнаяНакладная.TabularSection.Услуги.Attribute.Количество" id="f3a7f3d4-6bce-439e-9697-999505f3489e"/>
			<Metadata name="Document.РасходнаяНакладная.TabularSection.Услуги.Attribute.Цена" id="f6def160-213a-4052-98e7-ba36c364054b"/>
			<Metadata name="Document.РасходнаяНакладная.TabularSection.Услуги.Attribute.Номенклатура" id="f9be75c3-6268-4214-b3f7-bd247eee44b7"/>
			<Metadata name="Document.РасходнаяНакладная.TabularSection.СписокНоменклатуры" id="fdea117a-3c00-4cf6-bdb7-6714b369ebfb"/>
			<Metadata name="Document.РасходнаяНакладная.Attribute.СуммаПоДокументу" id="fe4375b0-f190-42df-8f65-b3ee39383555"/>
		</Metadata>
		<Metadata name="Document.РасходнаяНакладная.Form.ФормаДокумента" id="6d181f2d-a490-4b78-a72c-dd7230c8a98f" configVersion="4b0bd5f1b75f2849b7368786c2825c0c00000000"/>
		<Metadata name="Document.РасходнаяНакладная.Form.ФормаДокумента.Form" id="6d181f2d-a490-4b78-a72c-dd7230c8a98f.0" configVersion="2c021d58536e8e49b3be944136f00eb900000000"/>
		<Metadata name="Enum.УчебнаяПолитика" id="493f4199-042d-4706-8d03-336eb1a412fd" configVersion="44ee8d4fb20187418eb36f81a72286e300000000">
			<Metadata name="Enum.УчебнаяПолитика.EnumValue.ФИФО" id="0f2690ef-ea25-4139-b192-8f5a159f2b40"/>
			<Metadata name="Enum.УчебнаяПолитика.EnumValue.ЛИФО" id="578def67-74e2-4001-8cbe-c56bfd5b7214"/>
		</Metadata>
		<Metadata name="InformationRegister.УчетнаяПолитика" id="2bd229ac-754d-4c2e-a632-9690a38f1c6a" configVersion="860ad81fb673d6418b33d5bd8cd8b4cb00000000">
			<Metadata name="InformationRegister.УчетнаяПолитика.Resource.ТипСписания" id="cfd03398-439e-442d-a080-fa597ee0571c"/>
		</Metadata>
		<Metadata name="Language.Русский" id="6cc6dd9e-9be5-44f6-bcf0-4b5c9312dbdf" configVersion="0918793f6df4bf44b6e4e253a138f48300000000"/>
	</ConfigVersions>
</ConfigDumpInfo>