﻿<?xml version="1.0" encoding="UTF-8"?>
<MetaDataObject xmlns="http://v8.1c.ru/8.3/MDClasses" xmlns:app="http://v8.1c.ru/8.2/managed-application/core" xmlns:cfg="http://v8.1c.ru/8.1/data/enterprise/current-config" xmlns:cmi="http://v8.1c.ru/8.2/managed-application/cmi" xmlns:ent="http://v8.1c.ru/8.1/data/enterprise" xmlns:lf="http://v8.1c.ru/8.2/managed-application/logform" xmlns:style="http://v8.1c.ru/8.1/data/ui/style" xmlns:sys="http://v8.1c.ru/8.1/data/ui/fonts/system" xmlns:v8="http://v8.1c.ru/8.1/data/core" xmlns:v8ui="http://v8.1c.ru/8.1/data/ui" xmlns:web="http://v8.1c.ru/8.1/data/ui/colors/web" xmlns:win="http://v8.1c.ru/8.1/data/ui/colors/windows" xmlns:xen="http://v8.1c.ru/8.3/xcf/enums" xmlns:xpr="http://v8.1c.ru/8.3/xcf/predef" xmlns:xr="http://v8.1c.ru/8.3/xcf/readable" xmlns:xs="http://www.w3.org/2001/XMLSchema" xmlns:xsi="http://www.w3.org/2001/XMLSchema-instance" version="2.18">
	<Enum uuid="493f4199-042d-4706-8d03-336eb1a412fd">
		<InternalInfo>
			<xr:GeneratedType name="EnumRef.УчебнаяПолитика" category="Ref">
				<xr:TypeId>062ba2f1-a094-4ec8-a8fc-04d8f357c1d3</xr:TypeId>
				<xr:ValueId>c593a353-1c18-4b73-be98-212ed7208177</xr:ValueId>
			</xr:GeneratedType>
			<xr:GeneratedType name="EnumManager.УчебнаяПолитика" category="Manager">
				<xr:TypeId>5b803ae6-238e-48aa-bf42-328d79d8425d</xr:TypeId>
				<xr:ValueId>5d68db4e-51f7-4f58-bf21-0d93e4579a05</xr:ValueId>
			</xr:GeneratedType>
			<xr:GeneratedType name="EnumList.УчебнаяПолитика" category="List">
				<xr:TypeId>a7c06463-c11f-481f-b3fc-ccc529819f92</xr:TypeId>
				<xr:ValueId>9aa7ddfd-fc8f-41e2-9112-d4b434b41d80</xr:ValueId>
			</xr:GeneratedType>
		</InternalInfo>
		<Properties>
			<Name>УчебнаяПолитика</Name>
			<Synonym>
				<v8:item>
					<v8:lang>ru</v8:lang>
					<v8:content>Учебная политика</v8:content>
				</v8:item>
			</Synonym>
			<Comment/>
			<UseStandardCommands>false</UseStandardCommands>
			<Characteristics/>
			<QuickChoice>true</QuickChoice>
			<ChoiceMode>BothWays</ChoiceMode>
			<DefaultListForm/>
			<DefaultChoiceForm/>
			<AuxiliaryListForm/>
			<AuxiliaryChoiceForm/>
			<ListPresentation/>
			<ExtendedListPresentation/>
			<Explanation/>
			<ChoiceHistoryOnInput>Auto</ChoiceHistoryOnInput>
		</Properties>
		<ChildObjects>
			<EnumValue uuid="578def67-74e2-4001-8cbe-c56bfd5b7214">
				<Properties>
					<Name>ЛИФО</Name>
					<Synonym>
						<v8:item>
							<v8:lang>ru</v8:lang>
							<v8:content>ЛИФО</v8:content>
						</v8:item>
					</Synonym>
					<Comment/>
				</Properties>
			</EnumValue>
			<EnumValue uuid="0f2690ef-ea25-4139-b192-8f5a159f2b40">
				<Properties>
					<Name>ФИФО</Name>
					<Synonym>
						<v8:item>
							<v8:lang>ru</v8:lang>
							<v8:content>ФИФО</v8:content>
						</v8:item>
					</Synonym>
					<Comment/>
				</Properties>
			</EnumValue>
		</ChildObjects>
	</Enum>
</MetaDataObject>